Date,Cloud Agent ID,Automation ID,Kind,Model,Max Mode,Input (w/ Cache Write),Input (w/o Cache Write),Cache Read,Output Tokens,Total Tokens,Cost
2026-07-12T07:36:33.286Z,,,Included,auto,No,31592,6,113234,1648,146480,Included
2026-07-12T07:37:23.303Z,,,Included,auto,No,0,30339,2488,241,33068,Included
2026-07-12T07:38:19.057Z,,,Included,auto,No,0,8669,110883,529,120081,Included
2026-07-12T07:43:20.348Z,,,Included,auto,No,0,152,41492,137,41781,Included
2026-07-12T07:47:47.441Z,,,Included,auto,No,0,1624,41643,140,43407,Included
2026-07-12T07:49:11.971Z,,,Included,auto,No,0,6286,220833,6151,233270,Included
2026-07-12T07:51:00.945Z,,,Included,auto,No,0,1,48086,3843,51930,Included
2026-07-12T07:52:21.828Z,,,Included,auto,No,0,9529,481138,6484,497151,Included
2026-07-12T07:58:45.346Z,,,Included,auto,No,19195,4,67205,1170,87574,Included
2026-07-12T07:59:22.465Z,,,Included,composer-2.5-fast,No,0,18450,77183,810,96443,Included
2026-07-12T08:00:26.922Z,,,Included,composer-2.5-fast,No,0,7581,84005,522,92108,Included
2026-07-12T08:01:39.696Z,,,Included,composer-2.5-fast,No,0,1551,31970,139,33660,Included
2026-07-12T08:03:13.449Z,,,Included,composer-2.5-fast,No,0,33970,81460,594,116024,Included
2026-07-12T08:04:57.978Z,,,Included,composer-2.5-fast,No,0,1221,81139,1748,84108,Included
2026-07-12T08:08:35.168Z,,,Included,composer-2.5-fast,No,0,1632,41570,1098,44300,Included
2026-07-12T08:23:53.467Z,,,Included,composer-2.5-fast,No,0,39111,50840,318,90269,Included
2026-07-12T08:30:16.775Z,,,Included,composer-2.5-fast,No,0,37298,55434,798,93530,Included
2026-07-12T08:30:45.936Z,,,Included,composer-2.5-fast,No,0,6816,145854,3135,155805,Included
2026-07-12T08:31:36.561Z,,,Included,composer-2.5-fast,No,0,1261,162488,1261,165010,Included
2026-07-12T08:32:02.826Z,,,Included,composer-2.5-fast,No,0,1840,333480,1077,336397,Included
2026-07-12T08:36:30.753Z,,,Included,composer-2.5-fast,No,0,1885,113824,612,116321,Included
2026-07-12T08:36:41.764Z,,,Included,composer-2.5-fast,No,0,737,176108,661,177506,Included
2026-07-12T08:38:04.407Z,,,Included,composer-2.5-fast,No,0,412,59278,359,60049,Included
2026-07-12T08:38:31.939Z,,,Included,composer-2.5-fast,No,0,506,119378,813,120697,Included
2026-07-12T08:38:52.253Z,,,Included,composer-2.5-fast,No,0,141,60053,651,60845,Included
2026-07-12T08:40:19.646Z,,,Included,grok-4.5-fast-xhigh,No,0,28656,57984,1739,88379,Included
2026-07-12T08:40:48.750Z,,,Included,grok-4.5-fast-xhigh,No,0,928,76160,2472,79560,Included
2026-07-12T08:41:17.879Z,,,Included,grok-4.5-fast-xhigh,No,0,3193,79872,2812,85877,Included
2026-07-12T08:45:02.035Z,,,Included,grok-4.5-fast-xhigh,No,0,4298,89600,765,94663,Included
2026-07-12T08:47:02.947Z,,,Included,grok-4.5-fast-xhigh,No,0,631,32640,234,33505,Included
2026-07-12T08:47:14.504Z,,,Included,grok-4.5-fast-xhigh,No,0,2809,33152,544,36505,Included
2026-07-12T08:59:44.903Z,,,Included,grok-4.5-fast-xhigh,No,0,3614,72704,1751,78069,Included
2026-07-12T09:00:00.508Z,,,Included,grok-4.5-fast-xhigh,No,0,72,39296,1699,41067,Included
2026-07-12T09:00:23.689Z,,,Included,grok-4.5-fast-xhigh,No,0,9917,174464,1387,185768,Included
2026-07-12T09:01:57.131Z,,,Included,grok-4.5-fast-xhigh,No,0,599,49024,485,50108,Included
2026-07-12T09:02:05.619Z,,,Included,grok-4.5-fast-xhigh,No,0,1030,99072,669,100771,Included
2026-07-12T09:05:46.669Z,,,Included,grok-4.5-fast-xhigh,No,0,914,50432,164,51510,Included
2026-07-12T09:06:08.784Z,,,Included,grok-4.5-fast-xhigh,No,0,4350,101632,723,106705,Included
2026-07-12T09:08:52.873Z,,,Included,auto,No,0,12444,103300,1422,117166,Included
2026-07-12T09:09:16.219Z,,,Included,auto,No,0,13212,31776,848,45836,Included
2026-07-12T09:12:36.914Z,,,Included,auto,No,0,16273,31921,325,48519,Included
2026-07-12T09:13:24.044Z,,,Included,auto,No,0,16980,33408,1722,52110,Included
2026-07-12T09:20:30.644Z,,,Included,auto,No,24043,2,27536,2056,53637,Included
2026-07-12T09:20:50.439Z,,,Included,auto,No,0,2,51579,1697,53278,Included
2026-07-12T09:27:51.134Z,,,Included,auto,No,25814,2,27536,2099,55451,Included
2026-07-12T09:28:12.863Z,,,Included,auto,No,74,2,53276,2518,55870,Included
2026-07-12T09:28:33.561Z,,,Included,auto,No,1896,4,106700,2509,111109,Included
2026-07-12T09:30:09.454Z,,,Included,grok-4.5-fast-xhigh,No,0,1143,54528,1021,56692,Included
2026-07-12T09:30:27.342Z,,,Included,grok-4.5-fast-xhigh,No,0,119,55552,1109,56780,Included
2026-07-12T09:30:47.082Z,,,Included,grok-4.5-fast-xhigh,No,0,119,55552,1099,56770,Included
2026-07-12T09:32:45.673Z,,,Included,auto,No,3763,4,112870,2049,118686,Included
2026-07-12T09:34:37.570Z,,,Included,auto,No,0,12381,93622,970,106973,Included
2026-07-12T09:36:47.932Z,,,Included,auto,No,0,2012,74101,1804,77917,Included
2026-07-12T09:37:16.014Z,,,Included,auto,No,0,1052,74741,2132,77925,Included
2026-07-12T09:37:34.148Z,,,Included,auto,No,0,1361,74821,2259,78441,Included
2026-07-12T09:37:55.420Z,,,Included,auto,No,0,15313,63168,1981,80462,Included
2026-07-12T09:48:01.945Z,,,Included,auto,No,0,35337,95520,2009,132866,Included
2026-07-12T09:53:34.615Z,,,Included,auto,No,0,4915,189728,2371,197014,Included
2026-07-12T10:11:28.080Z,,,Included,auto,No,0,40375,15872,1489,57736,Included
2026-07-12T10:19:28.490Z,,,Included,grok-4.5-fast-xhigh,No,0,1763,55552,591,57906,Included
2026-07-12T12:07:10.587Z,,,Included,auto,No,0,50487,116226,1772,168485,Included
2026-07-12T12:09:58.300Z,,,Included,auto,No,101411,2,0,2697,104110,Included
2026-07-12T12:17:31.274Z,,,Included,auto,No,0,48557,15872,1330,65759,Included
2026-07-12T12:17:48.440Z,,,Included,auto,No,0,429,64000,1377,65806,Included
2026-07-12T12:47:35.261Z,,,Included,grok-4.5-fast-xhigh,No,0,49781,8576,605,58962,Included
2026-07-12T12:47:58.920Z,,,Included,grok-4.5-fast-xhigh,No,0,117,58240,485,58842,Included
2026-07-12T12:48:18.666Z,,,Included,grok-4.5-fast-xhigh,No,0,117,58240,506,58863,Included
2026-07-12T12:50:51.951Z,,,Included,grok-4.5-fast-xhigh,No,0,2522,117504,434,120460,Included
2026-07-12T12:51:09.508Z,,,Included,grok-4.5-fast-xhigh,No,0,9900,387072,1925,398897,Included
2026-07-12T12:52:06.542Z,,,Included,grok-4.5-fast-xhigh,No,0,683,140288,1025,141996,Included
2026-07-12T12:58:24.460Z,,,Included,grok-4.5-fast-xhigh,No,0,1215,70784,454,72453,Included
2026-07-12T12:58:43.799Z,,,Included,grok-4.5-fast-xhigh,No,0,8177,146048,1511,155736,Included
2026-07-12T13:03:14.150Z,,,Included,grok-4.5-fast-xhigh,No,0,1711,80000,312,82023,Included
2026-07-12T13:04:30.912Z,,,Included,grok-4.5-fast-xhigh,No,0,875,81664,795,83334,Included
2026-07-12T13:05:24.531Z,,,Included,grok-4.5-fast-xhigh,No,0,107,82432,856,83395,Included
2026-07-12T13:06:36.717Z,,,Included,grok-4.5-fast-xhigh,No,0,107,82432,869,83408,Included
2026-07-12T13:07:00.218Z,,,Included,grok-4.5-fast-xhigh,No,0,107,82432,903,83442,Included
2026-07-12T13:07:25.553Z,,,Included,grok-4.5-fast-xhigh,No,0,107,82432,793,83332,Included
2026-07-12T13:08:46.482Z,,,Included,grok-4.5-fast-xhigh,No,0,107,82432,724,83263,Included
2026-07-12T13:15:29.443Z,,,Included,grok-4.5-fast-xhigh,No,0,1322,82432,379,84133,Included
2026-07-12T13:16:24.562Z,,,Included,auto,No,0,10468,41472,463,52403,Included
2026-07-12T13:16:46.808Z,,,Included,auto,No,0,37534,85527,677,123738,Included
2026-07-12T13:17:17.984Z,,,Included,auto,No,0,1,37533,151,37685,Included
2026-07-12T13:17:33.742Z,,,Included,auto,No,0,4884,115061,951,120896,Included
2026-07-12T13:18:14.600Z,,,Included,auto,No,0,1264,84828,1662,87754,Included
2026-07-12T13:23:39.816Z,,,Included,auto,No,81236,4,79675,1626,162541,Included
2026-07-12T13:24:22.969Z,,,Included,auto,No,15051,8,341816,4336,361211,Included
2026-07-12T13:25:31.720Z,,,Included,auto,No,0,60444,287506,2371,350321,Included
2026-07-12T15:24:13.255Z,,,Included,auto,No,50770,6,84154,2791,137721,Included
2026-07-12T15:25:12.324Z,,,Included,auto,No,20662,10,152432,2348,175452,Included
2026-07-12T15:26:07.376Z,,,Included,auto,No,0,68609,414904,2540,486053,Included
2026-07-12T15:27:07.805Z,,,Included,auto,No,0,39764,35072,1833,76669,Included
2026-07-12T15:27:25.869Z,,,Included,auto,No,0,42976,547086,5949,596011,Included
2026-07-12T15:29:25.184Z,,,Included,auto,No,0,2207,81088,4155,87450,Included
2026-07-12T15:39:06.952Z,,,Included,auto,No,0,43817,453664,1175,498656,Included
2026-07-12T15:39:57.936Z,,,Included,auto,No,0,48802,516674,5840,571316,Included
2026-07-12T15:41:05.480Z,,,Included,auto,No,0,5069,110570,6169,121808,Included
2026-07-12T15:41:53.683Z,,,Included,auto,No,0,23901,460704,15962,500567,Included
2026-07-12T15:44:05.607Z,,,Included,auto,No,0,8890,889344,6246,904480,Included
2026-07-12T15:51:16.716Z,,,Included,auto,No,142738,24,1779430,12774,1934966,Included
2026-07-12T15:55:47.149Z,,,Included,auto,No,153657,54,2884233,24937,3062881,Included
2026-07-12T15:57:54.149Z,,,Included,auto,No,43958,8,112172,1885,158023,Included
2026-07-12T16:00:48.435Z,,,Included,auto,No,,,,,,Free
2026-07-12T16:00:51.788Z,,,Included,auto,No,0,24848,146944,1589,173381,Included
2026-07-12T16:01:36.942Z,,,Included,auto,No,0,81558,232018,5300,318876,Included
2026-07-12T16:04:44.520Z,,,Included,auto,No,58304,12,435535,1809,495660,Included
2026-07-12T16:14:13.823Z,,,Included,auto,No,66113,34,1490580,5103,1561830,Included
2026-07-12T16:14:37.106Z,,,Included,auto,No,147372,6,372309,2037,521724,Included
2026-07-12T16:16:17.272Z,,,Included,auto,No,29136,14,1349873,12467,1391490,Included
2026-07-12T16:22:58.826Z,,,Included,auto,No,0,41949,174403,2569,218921,Included
2026-07-12T16:23:19.761Z,,,Included,auto,No,0,46345,57787,2779,106911,Included
2026-07-12T16:26:16.831Z,,,Included,auto,No,,,,,,Free
2026-07-12T16:26:25.828Z,,,Included,auto,No,63495,6,207288,3702,274491,Included
2026-07-12T16:29:25.164Z,,,Included,auto,No,,,,,,Free
2026-07-12T16:29:46.909Z,,,Included,auto,No,16949,8,391411,5025,413393,Included
2026-07-12T16:30:30.115Z,,,Included,auto,No,0,59819,64522,2032,126373,Included
2026-07-12T16:30:32.289Z,,,Included,auto,No,13782,4,64556,1162,79504,Included
2026-07-12T16:30:59.272Z,,,Included,auto,No,0,1542,126348,3225,131115,Included
2026-07-12T16:31:19.135Z,,,Included,auto,No,17653,18,444716,3099,465486,Included
2026-07-12T16:31:35.631Z,,,Included,auto,No,0,8140,200025,7959,216124,Included
2026-07-12T16:32:42.697Z,,,Included,auto,No,0,4558,522576,2583,529717,Included
2026-07-12T16:33:36.820Z,,,Included,auto,No,5505,6,181147,3199,189857,Included
2026-07-12T16:36:33.701Z,,,Included,auto,No,99669,4,154236,4627,258536,Included
2026-07-12T16:37:01.378Z,,,Included,auto,No,,,,,,Free
2026-07-12T16:37:21.096Z,,,Included,auto,No,0,8381,238834,4747,251962,Included
2026-07-12T16:38:59.266Z,,,Included,auto,No,0,735,85780,571,87086,Included
2026-07-12T16:42:40.542Z,,,Included,auto,No,125450,24,1657938,12049,1795461,Included
2026-07-12T16:48:08.019Z,,,Included,auto,No,0,85915,9230,757,95902,Included
2026-07-12T16:49:40.484Z,,,Included,auto,No,0,39741,574808,4574,619123,Included
2026-07-12T16:54:28.819Z,,,Included,auto,No,0,10633,1183715,5768,1200116,Included
2026-07-12T16:55:47.884Z,,,Included,auto,No,0,831,137942,307,139080,Included
2026-07-12T16:59:06.861Z,,,Included,auto,No,0,140128,139245,241,279614,Included
2026-07-12T17:03:28.024Z,,,Included,auto,No,191878,2,28051,323,220254,Included
2026-07-12T17:04:29.964Z,,,Included,auto,No,,,,,,Free
2026-07-12T17:04:50.043Z,,,Included,auto,No,,,,,,Free
2026-07-12T17:05:36.908Z,,,Included,auto,No,79929,34,1013870,11126,1104959,Included
2026-07-12T17:14:15.993Z,,,Included,auto,No,52950,2,28051,148,81151,Included
2026-07-12T17:20:25.985Z,,,Included,auto,No,52950,2,28051,158,81161,Included
2026-07-12T17:20:49.178Z,,,Included,auto,No,788,2,80213,153,81156,Included
2026-07-12T17:21:10.675Z,,,Included,auto,No,6578,8,332731,2359,341676,Included
2026-07-12T17:24:25.841Z,,,Included,auto,No,0,46363,10,330,46703,Included
2026-07-12T17:27:08.035Z,,,Included,auto,No,54834,6,190973,991,246804,Included
2026-07-12T17:29:33.690Z,,,Included,auto,No,0,2076,46372,259,48707,Included
2026-07-12T17:31:35.892Z,,,Included,auto,No,12670,10,188616,627,201923,Included
2026-07-12T17:37:32.530Z,,,Included,auto,No,0,28670,260096,2451,291217,Included
2026-07-12T17:38:34.989Z,,,Included,auto,No,0,36959,104323,821,142103,Included
2026-07-12T17:40:51.627Z,,,Included,auto,No,87913,12,479224,9482,576631,Included
2026-07-12T17:41:58.220Z,,,Included,auto,No,0,71643,68992,438,141073,Included
2026-07-12T17:43:05.888Z,,,Included,auto,No,118141,16,985780,18672,1122609,Included
2026-07-12T17:50:55.239Z,,,Included,auto,No,1867,2,146192,1910,149971,Included
2026-07-12T17:52:26.465Z,,,Included,auto,No,2532,2,148059,1238,151831,Included
2026-07-12T17:53:34.607Z,,,Included,auto,No,1855,2,150591,1827,154275,Included
2026-07-12T17:55:22.098Z,,,Included,auto,No,2433,2,152446,1064,155945,Included
2026-07-12T17:55:49.616Z,,,Included,auto,No,0,2,154879,2342,157223,Included
2026-07-12T17:59:55.068Z,,,Included,auto,No,3097,2,154879,373,158351,Included
2026-07-12T18:00:14.600Z,,,Included,auto,No,8037,10,808031,1291,817369,Included
2026-07-12T18:04:06.945Z,,,Included,auto,No,817,2,166013,69,166901,Included
2026-07-12T18:04:26.802Z,,,Included,auto,No,5009,4,332864,532,338409,Included
2026-07-12T18:06:35.226Z,,,Included,auto,No,5558,6,516280,5270,527114,Included
2026-07-12T18:09:31.720Z,,,Included,auto,No,6497,12,1084148,2540,1093197,Included
2026-07-12T18:10:44.222Z,,,Included,auto,No,,,,,,Free
2026-07-12T18:11:22.728Z,,,Included,auto,No,49412,4,44898,878,95192,Included
2026-07-12T18:12:34.549Z,,,Included,auto,No,27024,4,78814,554,106396,Included
2026-07-12T18:16:12.062Z,,,Included,auto,No,20919,14,452602,3116,476651,Included
2026-07-12T18:18:44.674Z,,,Included,auto,No,9247,4,152597,1027,162875,Included
2026-07-12T18:19:42.999Z,,,Included,auto,No,584,2,75994,1133,77713,Included
2026-07-12T18:20:03.021Z,,,Included,auto,No,8958,4,152572,763,162297,Included
2026-07-12T18:21:44.315Z,,,Included,composer-2.5-fast,No,0,49530,437263,8044,494837,Included
2026-07-12T18:23:43.921Z,,,Included,composer-2.5-fast,No,0,1,59242,829,60072,Included
2026-07-12T18:23:54.812Z,,,Included,composer-2.5-fast,No,0,984,59242,292,60518,Included
2026-07-12T18:26:02.436Z,,,Included,composer-2.5-fast,No,0,5285,313552,1143,319980,Included
2026-07-12T18:32:29.188Z,,,Included,composer-2.5-fast,No,0,6616,203491,613,210720,Included
2026-07-12T18:34:59.137Z,,,Included,composer-2.5-fast,No,0,51549,85248,867,137664,Included
2026-07-12T18:35:19.910Z,,,Included,composer-2.5-fast,No,0,35724,107072,3161,145957,Included
2026-07-12T18:37:12.070Z,,,Included,composer-2.5-fast,No,0,13124,109184,481,122789,Included
2026-07-12T18:41:01.308Z,,,Included,composer-2.5-fast,No,0,48794,276393,7399,332586,Included
2026-07-12T18:45:57.116Z,,,Included,composer-2.5-fast,No,0,49065,677084,11264,737413,Included
2026-07-12T18:54:03.785Z,,,Included,composer-2.5-fast,No,0,134842,550111,4034,688987,Included
2026-07-12T18:54:16.347Z,,,Included,composer-2.5-fast,No,0,5982,118997,479,125458,Included
2026-07-12T18:54:32.488Z,,,Included,composer-2.5-fast,No,0,55460,74471,468,130399,Included
2026-07-12T18:55:55.806Z,,,Included,composer-2.5-fast,No,0,62742,1585932,10968,1659642,Included
2026-07-12T19:00:02.297Z,,,Included,composer-2.5-fast,No,0,43250,347783,2945,393978,Included
2026-07-12T19:02:19.803Z,,,Included,composer-2.5-fast,No,0,834,47913,337,49084,Included
2026-07-12T19:06:11.867Z,,,Included,composer-2.5-fast,No,0,78532,1106396,5935,1190863,Included
2026-07-12T19:08:28.083Z,,,Included,composer-2.5-fast,No,0,17479,654338,7634,679451,Included
2026-07-12T19:11:57.130Z,,,Included,composer-2.5-fast,No,0,484,101866,180,102530,Included
2026-07-12T19:13:10.718Z,,,Included,composer-2.5-fast,No,0,19816,1554352,3248,1577416,Included
2026-07-12T19:15:04.612Z,,,Included,composer-2.5-fast,No,0,482,122151,199,122832,Included
2026-07-12T19:15:42.515Z,,,Included,composer-2.5-fast,No,0,5889,370808,1100,377797,Included
2026-07-12T19:18:37.048Z,,,Included,composer-2.5-fast,No,0,33496,180468,4435,218399,Included
2026-07-12T19:19:26.149Z,,,Included,composer-2.5-fast,No,0,136083,1008512,6942,1151537,Included
2026-07-12T19:23:00.933Z,,,Included,composer-2.5-fast,No,0,47546,907386,3078,958010,Included
2026-07-12T19:25:18.601Z,,,Included,composer-2.5-fast,No,0,9367,939559,4878,953804,Included
2026-07-12T19:27:52.842Z,,,Included,composer-2.5-fast,No,0,700,137878,993,139571,Included
2026-07-12T19:29:39.566Z,,,Included,composer-2.5-fast,No,0,10480,1035227,5250,1050957,Included
2026-07-12T19:33:29.209Z,,,Included,composer-2.5-fast,No,0,7794,1870466,3562,1881822,Included
2026-07-12T19:35:04.639Z,,,Included,composer-2.5-fast,No,0,4213,483611,988,488812,Included
2026-07-12T19:39:19.824Z,,,Included,composer-2.5-fast,No,0,14050,1197556,4628,1216234,Included
2026-07-12T19:42:33.396Z,,,Included,composer-2.5-fast,No,0,1632,177178,1293,180103,Included
2026-07-12T19:43:39.564Z,,,Included,composer-2.5-fast,No,0,30206,933458,10439,974103,Included
2026-07-12T19:47:25.485Z,,,Included,composer-2.5-fast,No,0,616,43356,259,44231,Included
2026-07-12T19:48:09.599Z,,,Included,composer-2.5-fast,No,0,615,43971,811,45397,Included
2026-07-12T19:54:09.014Z,,,Included,composer-2.5-fast,No,0,28597,862160,8499,899256,Included
2026-07-12T19:58:33.740Z,,,Included,composer-2.5-fast,No,0,7042,303440,1610,312092,Included
2026-07-12T20:00:49.452Z,,,Included,composer-2.5-fast,No,0,3961,244800,1192,249953,Included
2026-07-12T20:01:43.055Z,,,Included,composer-2.5-fast,No,0,97727,642662,6834,747223,Included
2026-07-12T20:03:43.540Z,,,Included,composer-2.5-fast,No,0,619,96039,498,97156,Included
2026-07-12T20:04:43.141Z,,,Included,composer-2.5-fast,No,0,5000,392956,1615,399571,Included
2026-07-12T20:08:32.907Z,,,Included,composer-2.5-fast,No,0,7268,420502,888,428658,Included
2026-07-12T20:13:39.655Z,,,Included,composer-2.5-fast,No,0,1786,108917,1001,111704,Included
2026-07-12T20:14:53.074Z,,,Included,composer-2.5-fast,No,0,1872,222774,944,225590,Included
2026-07-12T20:16:23.156Z,,,Included,composer-2.5-fast,No,0,2644,341162,434,344240,Included
2026-07-12T20:17:22.806Z,,,Included,composer-2.5-fast,No,0,1509,347356,351,349216,Included
2026-07-12T20:23:30.523Z,,,Included,composer-2.5-fast,No,0,53930,185088,2098,241116,Included
2026-07-12T20:25:13.279Z,,,Included,composer-2.5-fast,No,0,1651,75552,1166,78369,Included
2026-07-12T20:27:04.815Z,,,Included,composer-2.5-fast,No,0,20462,268362,1952,290776,Included
2026-07-12T20:27:24.358Z,,,Included,composer-2.5-fast,No,0,21925,247670,1846,271441,Included
2026-07-12T20:36:25.334Z,,,Included,composer-2.5-fast,No,0,18666,517504,3018,539188,Included
2026-07-12T20:37:10.898Z,,,Included,composer-2.5-fast,No,0,31751,506429,3107,541287,Included
2026-07-12T20:38:48.606Z,,,Included,composer-2.5-fast,No,0,19448,259488,2614,281550,Included
2026-07-12T20:40:34.562Z,,,Included,composer-2.5-fast,No,0,29798,525856,4659,560313,Included
2026-07-12T20:44:05.965Z,,,Included,composer-2.5-fast,No,0,18266,392992,2409,413667,Included
2026-07-12T20:46:01.244Z,,,Included,composer-2.5-fast,No,0,38261,3489696,11726,3539683,Included
2026-07-12T20:52:47.191Z,,,Included,composer-2.5-fast,No,0,5451,216416,315,222182,Included
2026-07-12T20:54:35.803Z,,,Included,composer-2.5-fast,No,0,730,223456,218,224404,Included
2026-07-12T20:56:00.062Z,,,Included,composer-2.5-fast,No,0,7026,1053376,2446,1062848,Included
2026-07-12T20:59:18.430Z,,,Included,composer-2.5-fast,No,0,1096,243200,703,244999,Included
2026-07-12T21:00:53.075Z,,,Included,composer-2.5-fast,No,0,14143,233984,666,248793,Included
2026-07-12T21:02:19.408Z,,,Included,composer-2.5-fast,No,0,791,124896,1031,126718,Included
2026-07-12T21:03:08.098Z,,,Included,composer-2.5-fast,No,0,9887,504928,972,515787,Included
2026-07-12T21:04:50.547Z,,,Included,composer-2.5-fast,No,0,6313,390432,1372,398117,Included
2026-07-12T21:07:41.723Z,,,Included,composer-2.5-fast,No,0,7695,537024,834,545553,Included
2026-07-12T21:20:14.168Z,,,Included,composer-2.5-fast,No,0,31807,277841,2392,312040,Included
2026-07-13T04:32:59.623Z,,,Included,composer-2.5-fast,No,0,117968,2405444,21794,2545206,Included
2026-07-13T04:33:03.598Z,,,Included,composer-2.5-fast,No,0,35053,388062,6521,429636,Included
2026-07-13T04:43:44.360Z,,,Included,composer-2.5-fast,No,0,6955,479793,2679,489427,Included
2026-07-13T04:46:05.233Z,,,Included,composer-2.5-fast,No,0,2249,166578,1974,170801,Included
2026-07-13T04:50:56.480Z,,,Included,composer-2.5-fast,No,0,1983,85345,401,87729,Included
2026-07-13T04:51:50.076Z,,,Included,composer-2.5-fast,No,0,27741,1318149,7502,1353392,Included
2026-07-13T04:57:34.248Z,,,Included,composer-2.5-fast,No,0,16913,871483,4368,892764,Included
2026-07-13T05:01:16.934Z,,,Included,composer-2.5-fast,No,0,125360,0,5287,130647,Included
2026-07-13T05:02:06.140Z,,,Included,composer-2.5-fast,No,0,74856,3022675,23588,3121119,Included
2026-07-13T05:11:25.315Z,,,Included,composer-2.5-fast,No,0,631,93505,244,94380,Included
2026-07-13T05:13:21.141Z,,,Included,composer-2.5-fast,No,0,28649,2008359,16248,2053256,Included
2026-07-13T05:20:52.341Z,,,Included,composer-2.5-fast,No,0,582,122766,304,123652,Included
2026-07-13T05:22:45.106Z,,,Included,composer-2.5-fast,No,0,4410,501331,1763,507504,Included
2026-07-13T05:25:51.388Z,,,Included,composer-2.5-fast,No,0,109567,0,7344,116911,Included
2026-07-13T05:26:47.917Z,,,Included,composer-2.5-fast,No,0,91520,1313006,14693,1419219,Included
2026-07-13T05:29:48.408Z,,,Included,composer-2.5-fast,No,0,43080,127712,3625,174417,Included
2026-07-13T05:31:27.255Z,,,Included,composer-2.5-fast,No,0,488,136798,684,137970,Included
2026-07-13T05:31:40.710Z,,,Included,composer-2.5-fast,No,0,72231,172128,2450,246809,Included
2026-07-13T05:36:59.119Z,,,Included,composer-2.5-fast,No,0,2012,209007,579,211598,Included
2026-07-13T05:41:45.673Z,,,Included,composer-2.5-fast,No,0,68948,246880,4071,319899,Included
2026-07-13T05:43:28.214Z,,,Included,composer-2.5-fast,No,0,11735,74112,373,86220,Included
2026-07-13T05:43:43.077Z,,,Included,composer-2.5-fast,No,0,5685,81600,298,87583,Included
2026-07-13T05:44:28.577Z,,,Included,composer-2.5-fast,No,0,12949,315168,4227,332344,Included
2026-07-13T05:46:45.867Z,,,Included,composer-2.5-fast,No,0,7419,216901,520,224840,Included
2026-07-13T05:47:03.616Z,,,Included,composer-2.5-fast,No,0,5463,306917,2788,315168,Included
2026-07-13T05:50:13.525Z,,,Included,composer-2.5-fast,No,0,2678,80181,1330,84189,Included
2026-07-13T05:55:46.730Z,,,Included,composer-2.5-fast,No,0,1636,82858,1668,86162,Included
2026-07-13T05:58:19.630Z,,,Included,composer-2.5-fast,No,0,1940,84493,1601,88034,Included
2026-07-13T06:00:08.315Z,,,Included,composer-2.5-fast,No,0,1874,86432,1333,89639,Included
2026-07-13T06:00:45.567Z,,,Included,composer-2.5-fast,No,0,1,88305,1237,89543,Included
2026-07-13T06:01:33.038Z,,,Included,composer-2.5-fast,No,0,22697,1323827,6808,1353332,Included
2026-07-13T06:03:57.436Z,,,Included,composer-2.5-fast,No,0,14854,823653,13180,851687,Included
2026-07-13T06:06:11.398Z,,,Included,composer-2.5-fast,No,0,2560,887630,1249,891439,Included
2026-07-13T06:08:41.566Z,,,Included,composer-2.5-fast,No,0,5303,519888,621,525812,Included
2026-07-13T06:11:03.080Z,,,Included,composer-2.5-fast,No,0,592,133688,159,134439,Included
2026-07-13T06:13:05.929Z,,,Included,composer-2.5-fast,No,0,2744,948577,1646,952967,Included
2026-07-13T06:15:03.245Z,,,Included,composer-2.5-fast,No,0,318,136987,168,137473,Included
2026-07-13T06:16:22.150Z,,,Included,composer-2.5-fast,No,0,21239,146150,1185,168574,Included
2026-07-13T06:16:44.674Z,,,Included,composer-2.5-fast,No,0,133632,436736,4742,575110,Included
2026-07-13T06:17:45.457Z,,,Included,composer-2.5-fast,No,0,3316,291904,318,295538,Included
2026-07-13T06:21:07.663Z,,,Included,composer-2.5-fast,No,0,116127,280288,16366,412781,Included
2026-07-13T06:26:41.780Z,,,Included,composer-2.5-fast,No,0,27249,230688,635,258572,Included
2026-07-13T06:27:52.453Z,,,Included,cursor-grok-4.5-high-fast,No,0,42233,202624,1607,246464,Included
2026-07-13T06:30:10.002Z,,,Included,cursor-grok-4.5-high-fast,No,0,12144,279168,1886,293198,Included
2026-07-13T06:34:09.411Z,,,Included,cursor-grok-4.5-high-fast,No,0,32600,93056,5242,130898,Included
2026-07-13T06:34:35.679Z,,,Included,cursor-grok-4.5-high-fast,No,0,4711,197248,804,202763,Included
2026-07-13T06:35:53.659Z,,,Included,cursor-grok-4.5-high-fast,No,0,12513,375552,3719,391784,Included
2026-07-13T06:40:39.652Z,,,Included,cursor-grok-4.5-high-fast,No,,,,,,Free
2026-07-13T06:41:10.488Z,,,Included,cursor-grok-4.5-high-fast,No,,,,,,Free
2026-07-13T06:42:30.946Z,,,Included,auto,No,74167,12,500109,14061,588349,Included
2026-07-13T06:46:49.028Z,,,Included,auto,No,,,,,,Free
2026-07-13T06:47:10.455Z,,,Included,auto,No,,,,,,Free
2026-07-13T06:47:33.051Z,,,Included,auto,No,,,,,,Free
2026-07-13T06:48:09.044Z,,,Included,auto,No,0,62035,288892,6120,357047,Included
2026-07-13T06:56:49.584Z,,,Included,auto,No,80160,6,242199,890,323255,Included
2026-07-13T06:59:45.783Z,,,Included,auto,No,25946,6,114028,2770,142750,Included
2026-07-13T07:00:20.565Z,,,Included,auto,No,32202,20,414293,8220,454735,Included
2026-07-13T07:03:22.038Z,,,Included,auto,No,0,34504,83224,1915,119643,Included
2026-07-13T07:04:23.575Z,,,Included,auto,No,0,17523,327441,12606,357570,Included
2026-07-13T07:07:44.604Z,,,Included,auto,No,0,6964,221166,3800,231930,Included
2026-07-13T07:09:47.978Z,,,Included,auto,No,0,11069,502225,5960,519254,Included
2026-07-13T07:12:31.932Z,,,Included,auto,No,0,2423,210740,1469,214632,Included
2026-07-13T07:14:27.674Z,,,Included,auto,No,0,9163,683626,4005,696794,Included
2026-07-13T07:18:45.266Z,,,Included,auto,No,109496,2,28052,1248,138798,Included
2026-07-13T07:19:59.461Z,,,Included,auto,No,1644,2,137548,756,139950,Included
2026-07-13T07:24:19.449Z,,,Included,auto,No,113770,4,165899,3890,283563,Included
2026-07-13T07:35:58.221Z,,,Included,auto,No,116672,2,28005,479,145158,Included
2026-07-13T07:36:31.859Z,,,Included,auto,No,1037,4,289354,2773,293168,Included
2026-07-13T07:38:07.953Z,,,Included,auto,No,0,87239,86051,2256,175546,Included
2026-07-13T07:42:18.815Z,,,Included,auto,No,0,80542,9689,224,90455,Included
2026-07-13T07:43:20.000Z,,,Included,auto,No,,,,,,Free
2026-07-13T07:43:52.255Z,,,Included,composer-2.5-fast,No,0,76788,171506,2227,250521,Included
2026-07-13T07:46:12.541Z,,,Included,composer-2.5-fast,No,0,15580,27104,1857,44541,Included
2026-07-13T07:47:12.699Z,,,Included,composer-2.5-fast,No,0,4582,122230,804,127616,Included
2026-07-13T07:49:14.634Z,,,Included,composer-2.5-fast,No,0,896,53534,468,54898,Included
2026-07-13T07:50:42.731Z,,,Included,auto,No,,,,,,Free
2026-07-13T07:50:58.181Z,,,Included,composer-2.5-fast,No,0,5761,177999,1183,184943,Included
2026-07-13T07:53:34.194Z,,,Included,composer-2.5-fast,No,0,4339,67181,2112,73632,Included
2026-07-13T07:56:21.088Z,,,Included,composer-2.5-fast,No,0,11479,489861,4606,505946,Included
2026-07-13T07:59:14.417Z,,,Included,composer-2.5-fast,No,0,4642,194929,2723,202294,Included
2026-07-13T08:02:32.144Z,,,Included,composer-2.5-fast,No,0,48018,513418,2008,563444,Included
2026-07-13T08:03:50.172Z,,,Included,composer-2.5-fast,No,0,65312,818732,5900,889944,Included
2026-07-13T08:07:56.719Z,,,Included,composer-2.5-fast,No,0,1149,150827,498,152474,Included
2026-07-13T08:08:37.820Z,,,Included,composer-2.5-fast,No,0,543,76134,378,77055,Included
2026-07-13T08:09:08.036Z,,,Included,composer-2.5-fast,No,0,74504,582805,593,657902,Included
2026-07-13T08:13:23.774Z,,,Included,composer-2.5-fast,No,,,,,,Free
2026-07-13T08:14:26.418Z,,,Included,composer-2.5-fast,No,0,1791,507446,663,509900,Included
2026-07-13T08:19:53.843Z,,,Included,composer-2.5-fast,No,0,7555,886808,2034,896397,Included
2026-07-13T08:24:51.286Z,,,Included,composer-2.5-fast,No,0,1430,374550,1603,377583,Included
2026-07-13T08:26:34.857Z,,,Included,composer-2.5-fast,No,0,1146,94639,233,96018,Included
2026-07-13T08:26:52.548Z,,,Included,composer-2.5-fast,No,0,1156,191965,183,193304,Included
2026-07-13T08:27:45.785Z,,,Included,composer-2.5-fast,No,0,6139,705166,1954,713259,Included
2026-07-13T08:30:03.084Z,,,Included,composer-2.5-fast,No,0,11241,755605,6455,773301,Included
2026-07-13T08:49:04.199Z,,,Included,composer-2.5-fast,No,0,12882,29220,303,42405,Included
2026-07-13T08:49:13.576Z,,,Included,composer-2.5-fast,No,0,7800,87772,567,96139,Included
2026-07-13T08:49:34.262Z,,,Included,composer-2.5-fast,No,0,20171,92348,2898,115417,Included
2026-07-13T08:50:13.975Z,,,Included,composer-2.5-fast,No,0,3464,156495,3424,163383,Included
2026-07-13T08:52:27.809Z,,,Included,composer-2.5-fast,No,0,4649,104897,1482,111028,Included
2026-07-13T08:52:55.506Z,,,Included,composer-2.5-fast,No,0,1,37979,889,38869,Included
2026-07-13T08:54:54.130Z,,,Included,composer-2.5-fast,No,0,3368,37979,1834,43181,Included
2026-07-13T08:58:10.227Z,,,Included,composer-2.5-fast,No,0,2773,247823,795,251391,Included
2026-07-13T08:58:11.424Z,,,Included,composer-2.5-fast,No,0,105155,124379,136,229670,Included
2026-07-13T09:02:56.451Z,,,Included,composer-2.5-fast,No,0,3647,130594,1741,135982,Included
2026-07-13T09:04:37.821Z,,,Included,composer-2.5-fast,No,0,6141,143652,2988,152781,Included
2026-07-13T09:05:46.721Z,,,Included,composer-2.5-fast,No,0,1860,265524,927,268311,Included
2026-07-13T09:13:34.332Z,,,Included,composer-2.5-fast,No,0,2619,53783,2602,59004,Included
2026-07-13T09:13:45.398Z,,,Included,composer-2.5-fast,No,0,12542,227705,2305,242552,Included
2026-07-13T09:15:00.604Z,,,Included,composer-2.5-fast,No,0,14638,526187,2841,543666,Included
2026-07-13T09:17:27.426Z,,,Included,composer-2.5-fast,No,0,20182,19328,379,39889,Included
2026-07-13T09:17:54.086Z,,,Included,composer-2.5-fast,No,0,43461,28992,1617,74070,Included
2026-07-13T09:18:47.484Z,,,Included,composer-2.5-fast,No,0,47278,37760,786,85824,Included
2026-07-13T09:19:47.716Z,,,Included,composer-2.5-fast,No,0,3939,85376,351,89666,Included
2026-07-13T09:20:23.402Z,,,Included,composer-2.5-fast,No,0,8410,97632,772,106814,Included
2026-07-13T09:21:29.160Z,,,Included,composer-2.5-fast,No,0,14239,49616,577,64432,Included
2026-07-13T09:21:57.217Z,,,Included,composer-2.5-fast,No,0,6862,127962,5807,140631,Included
2026-07-13T09:23:55.752Z,,,Included,composer-2.5-fast,No,0,1773,61429,2886,66088,Included
2026-07-13T09:24:35.032Z,,,Included,composer-2.5-fast,No,0,3329,93840,3513,100682,Included
2026-07-13T09:25:44.028Z,,,Included,composer-2.5-fast,No,0,1791,173016,1470,176277,Included
2026-07-13T09:31:23.447Z,,,Included,composer-2.5-fast,No,0,5467,72298,3473,81238,Included
2026-07-13T09:31:50.915Z,,,Included,composer-2.5-fast,No,0,5248,172959,4964,183171,Included
2026-07-13T09:32:50.001Z,,,Included,composer-2.5-fast,No,0,1,46481,413,46895,Included
2026-07-13T09:36:30.459Z,,,Included,composer-2.5-fast,No,0,5120,144698,627,150445,Included
2026-07-13T09:38:28.750Z,,,Included,auto,No,29104,8,159988,2915,192015,Included
2026-07-13T09:40:07.123Z,,,Included,composer-2.5-fast,No,0,17336,50999,2182,70517,Included
2026-07-13T09:40:32.278Z,,,"Errored, No Charge",composer-2.5-fast,No,,,,,,Free
2026-07-13T09:40:51.150Z,,,Included,composer-2.5-fast,No,0,6820,69106,2460,78386,Included
2026-07-13T09:41:23.763Z,,,Included,composer-2.5-fast,No,,,,,,Free
2026-07-13T09:41:48.145Z,,,Included,composer-2.5-fast,No,0,8320,127141,3231,138692,Included
2026-07-13T09:43:40.957Z,,,Included,composer-2.5-fast,No,0,2303,58503,510,61316,Included
2026-07-13T09:44:02.672Z,,,Included,composer-2.5-fast,No,0,9853,324651,2278,336782,Included
2026-07-13T09:45:24.288Z,,,Included,composer-2.5-fast,No,0,2310,245206,1422,248938,Included
2026-07-13T09:48:58.761Z,,,Included,composer-2.5-fast,No,0,50486,111008,1904,163398,Included
2026-07-13T09:51:39.560Z,,,Included,composer-2.5-fast,No,0,22710,103527,2793,129030,Included
2026-07-13T09:52:17.707Z,,,Included,composer-2.5-fast,No,0,20631,668672,12219,701522,Included
2026-07-13T09:56:10.008Z,,,Included,composer-2.5-fast,No,0,619,51418,2206,54243,Included
2026-07-13T09:56:25.400Z,,,Included,composer-2.5-fast,No,0,4303,104072,3897,112272,Included
2026-07-13T10:02:15.631Z,,,Included,composer-2.5-fast,No,0,3412,173811,410,177633,Included
2026-07-13T10:04:00.510Z,,,Included,composer-2.5-fast,No,0,107133,1005760,6286,1119179,Included
2026-07-13T10:06:50.234Z,,,Included,composer-2.5-fast,No,0,3069,443360,3236,449665,Included
2026-07-13T10:07:57.038Z,,,Included,composer-2.5-fast,No,0,29,57536,609,58174,Included
2026-07-13T10:10:29.544Z,,,Included,composer-2.5-fast,No,0,1372,116352,311,118035,Included
2026-07-13T10:10:45.602Z,,,Included,composer-2.5-fast,No,0,16051,102784,281,119116,Included
2026-07-13T10:11:22.439Z,,,Included,composer-2.5-fast,No,0,37510,304190,7451,349151,Included
2026-07-13T10:13:02.460Z,,,Included,composer-2.5-fast,No,0,8561,414923,2772,426256,Included
2026-07-13T10:14:24.553Z,,,Included,composer-2.5-fast,No,0,51989,178905,991,231885,Included
2026-07-13T10:15:35.664Z,,,Included,composer-2.5-fast,No,0,4134,179607,1683,185424,Included
2026-07-13T10:16:56.495Z,,,Included,composer-2.5-fast,No,0,4177,127448,710,132335,Included
2026-07-13T10:17:08.209Z,,,Included,composer-2.5-fast,No,0,3142,340478,1738,345358,Included
2026-07-13T10:19:11.531Z,,,Included,composer-2.5-fast,No,0,1154,70166,841,72161,Included
2026-07-13T10:19:32.718Z,,,Included,composer-2.5-fast,No,0,3162,142638,620,146420,Included
2026-07-13T10:19:49.140Z,,,Included,composer-2.5-fast,No,0,2244,454436,1233,457913,Included
2026-07-13T10:21:18.220Z,,,Included,composer-2.5-fast,No,0,69875,86579,1435,157889,Included
2026-07-13T10:22:34.969Z,,,Included,composer-2.5-fast,No,0,3361,159103,931,163395,Included
2026-07-13T10:22:46.775Z,,,Included,composer-2.5-fast,No,0,1,82161,588,82750,Included
2026-07-13T10:23:46.165Z,,,Included,composer-2.5-fast,No,0,914,82161,236,83311,Included
2026-07-13T10:24:09.536Z,,,Included,composer-2.5-fast,No,0,23,83052,409,83484,Included
2026-07-13T10:24:41.528Z,,,Included,composer-2.5-fast,No,0,1,83074,310,83385,Included
2026-07-13T10:25:12.615Z,,,Included,composer-2.5-fast,No,0,7087,76717,170,83974,Included
2026-07-13T10:25:35.049Z,,,Included,composer-2.5-fast,No,0,3239,340828,720,344787,Included
2026-07-13T10:25:59.262Z,,,Included,composer-2.5-fast,No,0,546,173928,266,174740,Included
2026-07-13T10:26:19.484Z,,,Included,composer-2.5-fast,No,0,318,87473,149,87940,Included
2026-07-13T10:34:22.584Z,,,"Errored, No Charge",composer-2.5-fast,No,,,,,,Free
2026-07-13T10:34:44.455Z,,,Included,composer-2.5-fast,No,0,15473,139652,1650,156775,Included
2026-07-13T10:35:26.142Z,,,Included,composer-2.5-fast,No,0,2336,68646,3428,74410,Included
2026-07-13T10:41:17.177Z,,,Included,composer-2.5-fast,No,0,3030,36657,1549,41236,Included
2026-07-13T10:43:27.495Z,,,Included,composer-2.5-fast,No,0,1969,39686,1474,43129,Included
2026-07-13T10:45:55.999Z,,,Included,composer-2.5-fast,No,0,1939,41654,1456,45049,Included
2026-07-13T10:47:21.993Z,,,Included,composer-2.5-fast,No,0,40518,7049,599,48166,Included
2026-07-13T10:47:30.216Z,,,Included,composer-2.5-fast,No,0,60413,124096,1056,185565,Included
2026-07-13T10:47:37.356Z,,,Included,composer-2.5-fast,No,0,21902,65437,932,88271,Included
2026-07-13T10:47:53.702Z,,,Included,composer-2.5-fast,No,0,43551,235776,4478,283805,Included
2026-07-13T10:48:06.086Z,,,Included,composer-2.5-fast,No,0,22667,233906,1278,257851,Included
2026-07-13T10:48:31.727Z,,,Included,composer-2.5-fast,No,0,160,99840,3809,103809,Included
2026-07-13T10:48:52.039Z,,,Included,composer-2.5-fast,No,0,3831,187147,3594,194572,Included
2026-07-13T10:49:32.466Z,,,Included,composer-2.5-fast,No,0,1,49197,3036,52234,Included
2026-07-13T10:49:49.795Z,,,Included,composer-2.5-fast,No,0,22088,409400,6372,437860,Included
2026-07-13T10:49:55.173Z,,,Included,composer-2.5-fast,No,0,3272,50272,68,53612,Included
2026-07-13T10:50:49.917Z,,,Included,composer-2.5-fast,No,0,23061,374679,3028,400768,Included
2026-07-13T10:55:25.200Z,,,Included,composer-2.5-fast,No,0,2325,136025,493,138843,Included
2026-07-13T10:56:01.404Z,,,Included,composer-2.5-fast,No,0,1255,106605,359,108219,Included
2026-07-13T10:58:12.365Z,,,Included,composer-2.5-fast,No,0,12070,224487,3839,240396,Included
2026-07-13T10:58:53.885Z,,,Included,composer-2.5-fast,No,0,3126,81714,490,85330,Included
2026-07-13T11:01:26.515Z,,,Included,composer-2.5-fast,No,0,14616,265209,505,280330,Included
2026-07-13T11:02:39.524Z,,,Included,composer-2.5-fast,No,0,129708,2224366,7988,2362062,Included
2026-07-13T11:05:03.553Z,,,Included,composer-2.5-fast,No,0,13517,1301076,13474,1328067,Included
2026-07-13T11:07:33.118Z,,,Included,composer-2.5-fast,No,0,153061,2967264,9738,3130063,Included
2026-07-13T11:26:44.878Z,,,Included,composer-2.5-fast,No,0,164708,526542,1907,693157,Included
2026-07-13T11:28:07.585Z,,,Included,composer-2.5-fast,No,0,13218,889265,7621,910104,Included
2026-07-13T11:29:19.673Z,,,Included,composer-2.5-fast,No,0,304,366242,2032,368578,Included
2026-07-13T11:30:58.168Z,,,Included,composer-2.5-fast,No,0,13773,73263,2343,89379,Included
2026-07-13T11:31:17.855Z,,,Included,composer-2.5-fast,No,0,184556,0,4404,188960,Included
2026-07-13T11:32:09.732Z,,,Included,composer-2.5-fast,No,0,15429,481854,4344,501627,Included
2026-07-13T11:35:53.187Z,,,Included,composer-2.5-fast,No,0,1853,199440,567,201860,Included
2026-07-13T11:36:48.450Z,,,Included,composer-2.5-fast,No,0,1493,81550,115,83158,Included
2026-07-13T11:40:20.960Z,,,Included,composer-2.5-fast,No,0,27382,833577,11744,872703,Included
2026-07-13T11:49:33.295Z,,,Included,composer-2.5-fast,No,0,2327,211136,1427,214890,Included
2026-07-13T11:52:00.677Z,,,Included,composer-2.5-fast,No,0,16846,812464,9844,839154,Included
2026-07-13T11:54:25.988Z,,,Included,composer-2.5-fast,No,0,1,88736,987,89724,Included
2026-07-13T11:55:17.058Z,,,Included,composer-2.5-fast,No,0,28425,1645267,11946,1685638,Included
2026-07-13T11:58:07.248Z,,,Included,composer-2.5-fast,No,0,1140,242109,505,243754,Included
2026-07-13T12:00:04.177Z,,,"Errored, No Charge",composer-2.5-fast,No,,,,,,Free
2026-07-13T12:00:28.850Z,,,Included,claude-sonnet-5-thinking-high,No,163389,2,28148,232,191771,Included
2026-07-13T12:00:58.564Z,,,Included,claude-sonnet-5-thinking-high,No,23169,4,381949,2408,407530,Included
2026-07-13T12:01:17.551Z,,,Included,claude-sonnet-5-thinking-high,No,12566,10,1089989,11255,1113820,Included
2026-07-13T12:07:12.800Z,,,Included,claude-sonnet-5-thinking-high,No,3175,4,453004,3115,459298,Included
2026-07-13T12:08:28.945Z,,,Included,auto,No,0,127514,124122,543,252179,Included
2026-07-13T12:10:17.741Z,,,Included,auto,No,33639,8,168897,1916,204460,Included
2026-07-13T12:11:03.456Z,,,Included,auto,No,0,59284,946788,9027,1015099,Included
2026-07-13T12:18:33.284Z,,,Included,auto,No,77155,2,28005,5684,110846,Included
2026-07-13T12:19:20.058Z,,,Included,auto,No,27278,10,551507,14894,593689,Included
2026-07-13T12:21:42.418Z,,,Included,auto,No,0,19160,212886,2929,234975,Included
2026-07-13T12:22:26.045Z,,,Included,auto,No,0,5295,398489,3285,407069,Included
2026-07-13T12:25:14.459Z,,,Included,auto,No,0,5457,257410,2385,265252,Included
2026-07-13T12:28:20.380Z,,,Included,auto,No,0,7564,831113,6170,844847,Included
2026-07-13T12:33:13.096Z,,,Included,auto,No,128717,2,28005,171,156895,Included
2026-07-13T12:33:41.969Z,,,Included,auto,No,9054,6,476994,1577,487631,Included
2026-07-13T12:34:28.580Z,,,Included,auto,No,0,17517,859924,6513,883954,Included
2026-07-13T12:36:07.347Z,,,Included,auto,No,0,4079,1039442,3065,1046586,Included
2026-07-13T12:39:47.153Z,,,Included,auto,No,160837,2,28005,235,189079,Included
2026-07-13T12:40:48.770Z,,,"Errored, No Charge",auto,No,,,,,,Free
2026-07-13T12:43:49.820Z,,,Included,composer-2.5-fast,No,0,99021,9664,152,108837,Included
2026-07-13T12:44:08.735Z,,,Included,auto,No,,,,,,Free
2026-07-13T12:44:11.035Z,,,Included,auto,No,,,,,,Free
2026-07-13T12:44:32.539Z,,,Included,composer-2.5-fast,No,0,100854,118560,591,220005,Included
2026-07-13T12:49:17.218Z,,,Included,composer-2.5-fast,No,0,28487,154994,3433,186914,Included
2026-07-13T12:49:51.429Z,,,Included,composer-2.5-fast,No,0,1966,115568,2144,119678,Included
2026-07-13T12:51:28.045Z,,,Included,composer-2.5-fast,No,0,4782,125807,1555,132144,Included
2026-07-13T12:52:41.575Z,,,Included,composer-2.5-fast,No,0,2987,91243,1398,95628,Included
2026-07-13T12:52:53.704Z,,,Included,composer-2.5-fast,No,0,1870,145002,1572,148444,Included
2026-07-13T12:53:47.951Z,,,Included,composer-2.5-fast,No,0,2242,100633,690,103565,Included
2026-07-13T12:56:35.681Z,,,Included,composer-2.5-fast,No,0,7163,219754,2023,228940,Included
2026-07-13T12:58:10.299Z,,,Included,composer-2.5-fast,No,0,14597,664886,8501,687984,Included
2026-07-13T13:00:47.665Z,,,Included,composer-2.5-fast,No,0,643,73754,106,74503,Included
2026-07-13T13:02:10.065Z,,,Included,composer-2.5-fast,No,0,22,74375,117,74514,Included
2026-07-13T13:02:25.938Z,,,Included,composer-2.5-fast,No,0,1,74396,112,74509,Included
2026-07-13T13:03:09.454Z,,,Included,composer-2.5-fast,No,0,2092,74396,478,76966,Included
2026-07-13T13:06:17.981Z,,,Included,composer-2.5-fast,No,0,3248,153556,1838,158642,Included
2026-07-13T13:06:37.106Z,,,Included,composer-2.5-fast,No,0,2873,240778,1945,245596,Included
2026-07-13T13:08:55.636Z,,,Included,composer-2.5-fast,No,0,5853,506336,3184,515373,Included
2026-07-13T13:10:39.762Z,,,Included,composer-2.5-fast,No,0,2386,268859,547,271792,Included
2026-07-13T13:11:25.420Z,,,Included,composer-2.5-fast,No,0,1,90833,203,91037,Included
2026-07-13T13:13:02.730Z,,,Included,composer-2.5-fast,No,0,3930,274977,1461,280368,Included
2026-07-13T13:15:18.779Z,,,Included,composer-2.5-fast,No,0,9821,9688,337,19846,Included
2026-07-13T13:15:25.709Z,,,Included,composer-2.5-fast,No,0,50806,412899,6015,469720,Included
2026-07-13T13:15:48.153Z,,,Included,composer-2.5-fast,No,0,15507,74096,1272,90875,Included
2026-07-13T13:16:12.607Z,,,Included,composer-2.5-fast,No,0,414,49631,350,50395,Included
2026-07-13T13:16:52.170Z,,,Included,composer-2.5-fast,No,0,1,56946,2994,59941,Included
2026-07-13T13:17:01.547Z,,,Included,cursor-grok-4.5-high-fast,No,0,89075,1041408,23739,1154222,Included
2026-07-13T13:17:08.617Z,,,Included,composer-2.5-fast,No,0,77186,198432,1464,277082,Included
2026-07-13T13:17:50.027Z,,,Included,composer-2.5-fast,No,0,29342,251072,1176,281590,Included
2026-07-13T13:18:17.861Z,,,Included,composer-2.5-fast,No,0,6249,368576,1407,376232,Included
2026-07-13T13:19:02.742Z,,,Included,composer-2.5-fast,No,0,9243,257088,5365,271696,Included
2026-07-13T13:30:29.814Z,,,Included,cursor-grok-4.5-high-fast,No,0,6990,246144,334,253468,Included
2026-07-13T13:31:58.505Z,,,Included,cursor-grok-4.5-high-fast,No,0,43607,175232,1756,220595,Included
2026-07-13T13:32:37.945Z,,,Included,cursor-grok-4.5-high-fast,No,0,2680,82944,2007,87631,Included
2026-07-13T13:33:11.123Z,,,Included,cursor-grok-4.5-high-fast,No,0,1,44032,1671,45704,Included
2026-07-13T13:35:02.915Z,,,Included,cursor-grok-4.5-high-fast,No,0,4550,89984,1087,95621,Included
2026-07-13T13:36:45.563Z,,,Included,cursor-grok-4.5-high-fast,No,0,123,48384,1020,49527,Included
2026-07-13T13:38:28.945Z,,,Included,cursor-grok-4.5-high-fast,No,0,1446,48384,174,50004,Included
2026-07-13T13:39:10.391Z,,,Included,cursor-grok-4.5-high-fast,No,0,9400,153472,2833,165705,Included
2026-07-13T13:39:35.243Z,,,Included,cursor-grok-4.5-high-fast,No,0,25908,716032,11324,753264,Included
2026-07-13T13:45:01.516Z,,,Included,cursor-grok-4.5-high-fast,No,0,1786,253824,1457,257067,Included
2026-07-13T13:46:36.069Z,,,Included,cursor-grok-4.5-high-fast,No,0,2245,258304,2089,262638,Included
2026-07-13T13:53:58.240Z,,,Included,cursor-grok-4.5-high-fast,No,0,1925,264704,683,267312,Included
2026-07-13T13:55:21.548Z,,,Included,cursor-grok-4.5-high-fast,No,0,874,89472,530,90876,Included
2026-07-13T13:56:36.577Z,,,Included,cursor-grok-4.5-high-fast,No,0,2244,181376,303,183923,Included
2026-07-13T13:56:49.223Z,,,"Errored, No Charge",cursor-grok-4.5-high-fast,No,,,,,,Free
2026-07-13T13:58:18.934Z,,,Included,cursor-grok-4.5-high-fast,No,0,5028,554496,2498,562022,Included
2026-07-13T14:01:39.442Z,,,Included,cursor-grok-4.5-high-fast,No,0,1475,378624,747,380846,Included
2026-07-13T14:04:48.479Z,,,Included,cursor-grok-4.5-high-fast,No,0,3450,287360,750,291560,Included
2026-07-13T14:13:11.342Z,,,"Errored, No Charge",cursor-grok-4.5-high-fast,No,,,,,,Free
2026-07-13T14:13:19.505Z,,,Included,cursor-grok-4.5-high-fast,No,0,26320,225536,3309,255165,Included
2026-07-13T14:14:36.123Z,,,Included,cursor-grok-4.5-high-fast,No,0,13312,357120,3572,374004,Included
2026-07-13T14:16:21.515Z,,,Included,cursor-grok-4.5-high-fast,No,0,5220,228736,2765,236721,Included
2026-07-13T14:17:56.892Z,,,Included,cursor-grok-4.5-high-fast,No,0,4880,121088,1273,127241,Included
2026-07-13T14:18:34.134Z,,,Included,cursor-grok-4.5-high-fast,No,0,1964,129920,343,132227,Included
2026-07-13T14:19:26.850Z,,,Included,gpt-5.6-sol-medium,No,64125,6,63833,299,128263,Included
2026-07-13T14:19:41.706Z,,,Included,gpt-5.6-sol-medium,No,3655,21,453873,1477,459026,Included
2026-07-13T14:21:05.410Z,,,Included,gpt-5.6-sol-medium,No,7666,21,500454,2366,510507,Included
2026-07-13T14:23:27.225Z,,,Included,gpt-5.6-sol-medium,No,2414,12,305263,1787,309476,Included
2026-07-13T14:24:21.247Z,,,Included,gpt-5.6-sol-medium,No,335,6,155136,678,156155,Included
2026-07-13T14:24:54.426Z,,,Included,gpt-5.6-sol-medium,No,5385,18,481377,2024,488804,Included
2026-07-13T14:26:36.960Z,,,Included,auto,No,107914,6,295707,1547,405174,Included
2026-07-13T14:27:27.386Z,,,Included,auto,No,0,77823,153097,1371,232291,Included
2026-07-13T14:28:14.398Z,,,Included,auto,No,0,4432,714505,1645,720582,Included
2026-07-13T14:31:27.270Z,,,Included,auto,No,116227,2,28005,270,144504,Included
2026-07-13T14:32:00.634Z,,,Included,auto,No,,,,,,Free
2026-07-13T14:32:16.602Z,,,Included,auto,No,,,,,,Free
2026-07-13T14:32:20.977Z,,,Included,auto,No,,,,,,Free
2026-07-13T14:32:50.074Z,,,Included,auto,No,,,,,,Free
2026-07-13T14:33:14.338Z,,,Included,auto,No,8574,8,129432,1048,139062,Included
2026-07-13T14:35:40.198Z,,,Included,auto,No,0,19573,10,170,19753,Included
2026-07-13T14:40:08.381Z,,,Included,auto,No,27304,6,130817,644,158771,Included
2026-07-13T14:40:44.847Z,,,Included,auto,No,0,16277,41475,394,58146,Included
2026-07-13T18:14:09.784Z,,,Included,auto,No,64234,16,508987,13105,586342,Included
2026-07-13T18:14:29.032Z,,,Included,auto,No,94413,22,778071,15527,888033,Included
2026-07-13T18:21:35.475Z,,,Included,cursor-grok-4.5-high-fast,No,0,51261,341760,9659,402680,Included
2026-07-13T18:23:36.283Z,,,Included,cursor-grok-4.5-high-fast,No,0,19767,1059456,8311,1087534,Included
2026-07-13T18:27:29.573Z,,,Included,cursor-grok-4.5-high-fast,No,0,2739,160128,846,163713,Included
2026-07-13T18:28:32.939Z,,,Included,cursor-grok-4.5-high-fast,No,0,1004,165632,229,166865,Included
2026-07-13T18:31:53.544Z,,,Included,cursor-grok-4.5-high-fast,No,0,6969,254720,980,262669,Included
2026-07-13T18:33:22.990Z,,,Included,cursor-grok-4.5-high-fast,No,0,2953,90112,2297,95362,Included
2026-07-13T18:35:36.113Z,,,Included,cursor-grok-4.5-high-fast,No,0,9212,869888,4871,883971,Included
2026-07-13T18:44:18.675Z,,,Included,cursor-grok-4.5-high-fast,No,0,5273,410240,652,416165,Included
2026-07-13T18:54:03.334Z,,,Included,cursor-grok-4.5-high-fast,No,0,37194,94464,4759,136417,Included
2026-07-13T18:54:12.360Z,,,Included,cursor-grok-4.5-high-fast,No,0,44144,191744,2739,238627,Included
2026-07-13T18:54:12.382Z,,,Included,composer-2.5-fast,No,0,85902,380704,7054,473660,Included
2026-07-13T18:59:08.408Z,,,Free,cursor-grok-4.5-high-fast,No,0,14549,132992,5523,153064,Free
2026-07-13T19:02:36.345Z,,,Free,cursor-grok-4.5-high-fast,No,0,6842,280192,2438,289472,Free
2026-07-13T19:04:39.745Z,,,Free,cursor-grok-4.5-high-fast,No,0,1939,121472,897,124308,Free
2026-07-13T19:05:36.441Z,,,Free,cursor-grok-4.5-high-fast,No,0,4611,189952,2096,196659,Free
2026-07-13T19:08:46.716Z,,,Free,cursor-grok-4.5-high-fast,No,0,6929,275328,4247,286504,Free
2026-07-13T19:10:04.742Z,,,Free,cursor-grok-4.5-high-fast,No,0,94737,1449472,14395,1558604,Free
2026-07-13T19:13:04.638Z,,,Free,cursor-grok-4.5-high-fast,No,0,36231,171520,1888,209639,Free
2026-07-13T19:15:11.420Z,,,Free,cursor-grok-4.5-high-fast,No,0,6071,155136,1378,162585,Free
2026-07-13T19:16:02.142Z,,,Free,cursor-grok-4.5-high-fast,No,0,3081,216832,1479,221392,Free
2026-07-13T19:17:09.276Z,,,Free,cursor-grok-4.5-high-fast,No,0,839,45056,156,46051,Free
2026-07-13T19:18:37.860Z,,,Free,cursor-grok-4.5-high-fast,No,0,1400,91904,841,94145,Free
2026-07-13T19:19:05.357Z,,,Free,cursor-grok-4.5-high-fast,No,0,12548,655744,2131,670423,Free
2026-07-13T19:24:13.409Z,,,Free,cursor-grok-4.5-high-fast,No,0,3624,115968,3384,122976,Free
2026-07-13T19:25:06.946Z,,,Free,cursor-grok-4.5-high-fast,No,0,5972,116608,3640,126220,Free
2026-07-13T19:26:57.707Z,,,Free,cursor-grok-4.5-high-fast,No,0,2679,118016,1072,121767,Free
2026-07-13T19:29:15.035Z,,,Free,cursor-grok-4.5-high-fast,No,0,7019,369408,1546,377973,Free
2026-07-13T19:30:31.669Z,,,Free,cursor-grok-4.5-high-fast,No,0,19582,1236992,11355,1267929,Free
2026-07-13T19:46:15.641Z,,,Free,cursor-grok-4.5-high-fast,No,0,26854,1232384,11414,1270652,Free
2026-07-13T19:55:10.118Z,,,Free,cursor-grok-4.5-high-fast,No,0,152366,0,15082,167448,Free
2026-07-13T19:57:27.411Z,,,Free,cursor-grok-4.5-high-fast,No,0,28055,42240,438,70733,Free
2026-07-13T19:58:30.157Z,,,Free,cursor-grok-4.5-high-fast,No,0,30595,5760,778,37133,Free
2026-07-13T19:59:04.148Z,,,Free,cursor-grok-4.5-high-fast,No,0,1023,36352,396,37771,Free
2026-07-13T19:59:40.600Z,,,Free,cursor-grok-4.5-high-fast,No,0,20044,281600,10115,311759,Free
2026-07-13T20:05:16.844Z,,,Free,cursor-grok-4.5-high-fast,No,0,3011,171776,796,175583,Free
2026-07-13T20:07:13.037Z,,,Free,cursor-grok-4.5-high-fast,No,0,876,59776,349,61001,Free
2026-07-13T20:07:42.705Z,,,Free,cursor-grok-4.5-high-fast,No,0,9411,322560,3314,335285,Free
2026-07-13T20:10:57.531Z,,,Free,cursor-grok-4.5-high-fast,No,0,595,69632,192,70419,Free
2026-07-13T20:13:40.037Z,,,Free,cursor-grok-4.5-high-fast,No,0,96882,395264,3898,496044,Free
2026-07-13T20:17:05.836Z,,,Free,cursor-grok-4.5-high-fast,No,0,122684,1616064,20319,1759067,Free
2026-07-13T20:29:13.318Z,,,Free,cursor-grok-4.5-high-fast,No,0,123732,388224,2167,514123,Free
2026-07-13T20:30:56.600Z,,,Free,cursor-grok-4.5-high-fast,No,0,21884,950912,6708,979504,Free
2026-07-13T20:33:43.504Z,,,Free,cursor-grok-4.5-high-fast,No,0,4942,443264,652,448858,Free
2026-07-13T20:39:31.518Z,,,Free,cursor-grok-4.5-high-fast,No,0,2856,610304,640,613800,Free
2026-07-13T20:41:22.673Z,,,Free,cursor-grok-4.5-high-fast,No,0,50868,448384,9260,508512,Free
2026-07-13T20:45:01.001Z,,,Free,cursor-grok-4.5-high-fast,No,0,43863,157952,1018,202833,Free
2026-07-13T20:46:54.119Z,,,Free,cursor-grok-4.5-high-fast,No,0,74315,262016,4579,340910,Free
2026-07-13T20:49:32.296Z,,,Free,cursor-grok-4.5-high-fast,No,0,50839,1907200,8478,1966517,Free
2026-07-13T21:03:19.580Z,,,Free,cursor-grok-4.5-high-fast,No,0,28055,1772288,9715,1810058,Free
2026-07-13T21:10:32.690Z,,,Free,cursor-grok-4.5-high-fast,No,0,1512,98560,147,100219,Free
2026-07-13T21:13:10.410Z,,,Free,cursor-grok-4.5-high-fast,No,0,571,99968,327,100866,Free
2026-07-13T21:21:37.600Z,,,Free,cursor-grok-4.5-high-fast,No,0,52002,565632,9621,627255,Free
2026-07-13T21:23:12.654Z,,,Free,cursor-grok-4.5-high-fast,No,0,25072,90240,1386,116698,Free
2026-07-13T21:24:43.449Z,,,Free,cursor-grok-4.5-high-fast,No,0,1668,159616,208,161492,Free
2026-07-13T21:25:36.970Z,,,Free,cursor-grok-4.5-high-fast,No,0,476,54016,207,54699,Free
2026-07-13T21:29:56.055Z,,,Free,cursor-grok-4.5-high-fast,No,0,12483,360704,4086,377273,Free
2026-07-13T21:31:13.882Z,,,Free,cursor-grok-4.5-high-fast,No,0,20748,1155200,10134,1186082,Free
2026-07-13T21:34:12.700Z,,,Free,cursor-grok-4.5-high-fast,No,0,5238,263808,435,269481,Free
2026-07-13T21:34:28.386Z,,,Included,cursor-grok-4.5-high-fast,No,0,1652,366208,681,368541,Included
2026-07-13T21:40:02.717Z,,,Free,cursor-grok-4.5-high-fast,No,0,17478,1008384,6386,1032248,Free
2026-07-13T21:42:42.626Z,,,Free,cursor-grok-4.5-high-fast,No,0,647,109440,160,110247,Free
2026-07-13T21:43:06.501Z,,,Free,cursor-grok-4.5-high-fast,No,0,2485,332544,324,335353,Free
2026-07-13T21:44:11.874Z,,,Free,cursor-grok-4.5-high-fast,No,0,734,224896,61,225691,Free
2026-07-13T21:52:46.711Z,,,Free,cursor-grok-4.5-high-fast,No,0,20522,1355136,8501,1384159,Free
2026-07-13T21:54:49.561Z,,,Free,cursor-grok-4.5-high-fast,No,0,382,132992,346,133720,Free
2026-07-13T21:55:41.737Z,,,Free,cursor-grok-4.5-high-fast,No,0,7940,405760,3776,417476,Free
2026-07-13T21:56:57.447Z,,,Free,cursor-grok-4.5-high-fast,No,0,25902,2190720,13106,2229728,Free
2026-07-13T22:04:12.322Z,,,Free,cursor-grok-4.5-high-fast,No,0,544,165760,285,166589,Free
2026-07-13T22:04:53.239Z,,,Free,cursor-grok-4.5-high-fast,No,0,17023,1049216,6282,1072521,Free
2026-07-13T22:08:03.208Z,,,Free,cursor-grok-4.5-high-fast,No,0,1670,550400,374,552444,Free
2026-07-13T22:08:42.959Z,,,Free,cursor-grok-4.5-high-fast,No,0,156450,0,7683,164133,Free
2026-07-13T22:13:45.176Z,,,Free,cursor-grok-4.5-high-fast,No,0,48489,516992,6149,571630,Free
2026-07-13T22:15:10.281Z,,,Free,cursor-grok-4.5-high-fast,No,0,69377,717184,16715,803276,Free
2026-07-13T22:18:13.361Z,,,Free,cursor-grok-4.5-high-fast,No,0,12352,262016,5459,279827,Free
2026-07-13T22:20:15.583Z,,,Free,cursor-grok-4.5-high-fast,No,0,14553,331136,5582,351271,Free
2026-07-13T22:22:23.287Z,,,Free,cursor-grok-4.5-high-fast,No,0,1530,221952,676,224158,Free
2026-07-13T22:23:38.437Z,,,Free,cursor-grok-4.5-high-fast,No,0,5026,226560,374,231960,Free
2026-07-13T22:25:06.822Z,,,Free,cursor-grok-4.5-high-fast,No,0,4612,241792,2384,248788,Free
2026-07-13T22:27:00.710Z,,,Free,cursor-grok-4.5-high-fast,No,0,1878,253696,687,256261,Free
2026-07-13T22:30:33.894Z,,,Free,cursor-grok-4.5-high-fast,No,0,17431,746624,3923,767978,Free
2026-07-13T22:31:40.725Z,,,Free,cursor-grok-4.5-high-fast,No,0,7667,424576,727,432970,Free
2026-07-13T22:42:20.831Z,,,Free,cursor-grok-4.5-high-fast,No,0,50885,237184,4583,292652,Free
2026-07-13T22:45:20.045Z,,,Free,cursor-grok-4.5-high-fast,No,0,4937,104448,489,109874,Free
2026-07-13T22:46:26.421Z,,,Free,cursor-grok-4.5-high-fast,No,0,14583,408960,6627,430170,Free
2026-07-13T22:48:16.140Z,,,Free,cursor-grok-4.5-high-fast,No,0,9233,272512,1881,283626,Free
2026-07-13T22:49:36.234Z,,,Free,cursor-grok-4.5-high-fast,No,0,75032,896,908,76836,Free
2026-07-13T22:51:28.064Z,,,Free,cursor-grok-4.5-high-fast,No,0,2850,74368,1305,78523,Free
2026-07-13T22:52:05.064Z,,,Free,cursor-grok-4.5-high-fast,No,0,26558,1297280,8751,1332589,Free
2026-07-13T22:52:11.053Z,,,Free,composer-2.5-fast,No,0,78970,200288,5790,285048,Free
2026-07-13T22:55:01.630Z,,,Free,cursor-grok-4.5-high-fast,No,0,678,102912,495,104085,Free
2026-07-13T22:55:41.980Z,,,Free,cursor-grok-4.5-high-fast,No,0,10591,653696,5437,669724,Free
2026-07-13T22:59:33.155Z,,,Free,cursor-grok-4.5-high-fast,No,0,45763,151680,2277,199720,Free
2026-07-13T23:00:23.972Z,,,Free,cursor-grok-4.5-high-fast,No,0,399,51072,286,51757,Free
2026-07-13T23:00:55.243Z,,,Free,cursor-grok-4.5-high-fast,No,0,46339,5760,278,52377,Free
2026-07-13T23:03:16.784Z,,,Free,cursor-grok-4.5-high-fast,No,0,28124,1138816,6816,1173756,Free
2026-07-13T23:12:17.060Z,,,Free,cursor-grok-4.5-high-fast,No,0,4984,718592,649,724225,Free
2026-07-13T23:12:54.109Z,,,Free,cursor-grok-4.5-high-fast,No,0,58908,470144,17549,546601,Free
2026-07-13T23:13:45.499Z,,,Free,cursor-grok-4.5-high-fast,No,0,9119,159488,880,169487,Free
2026-07-13T23:15:02.061Z,,,On-Demand,cursor-grok-4.5-high-fast,No,0,4670,183040,1097,188807,0.11
2026-07-13T23:15:35.064Z,,,On-Demand,cursor-grok-4.5-high-fast,No,0,1896,129920,629,132445,0.07
2026-07-13T23:16:25.614Z,,,On-Demand,cursor-grok-4.5-high-fast,No,0,856,66432,293,67581,0.04
2026-07-13T23:16:55.073Z,,,On-Demand,cursor-grok-4.5-high-fast,No,0,2991,164992,1430,169413,0.10
2026-07-13T23:17:14.383Z,,,On-Demand,cursor-grok-4.5-high-fast,No,0,2923,273664,1526,278113,0.16
2026-07-13T23:18:37.013Z,,,On-Demand,cursor-grok-4.5-high-fast,No,0,1037,140288,406,141731,0.08
2026-07-13T23:19:40.724Z,,,On-Demand,cursor-grok-4.5-high-fast,No,0,5428,291968,571,297967,0.16
2026-07-13T23:20:00.894Z,,,On-Demand,cursor-grok-4.5-high-fast,No,0,491,75776,253,76520,0.04
2026-07-13T23:20:46.092Z,,,On-Demand,cursor-grok-4.5-high-fast,No,0,5113,313216,908,319237,0.18
2026-07-13T23:24:28.620Z,,,On-Demand,cursor-grok-4.5-high-fast,No,0,16923,104832,1331,123086,0.10
2026-07-13T23:29:38.313Z,,,On-Demand,cursor-grok-4.5-high-fast,No,0,74862,978688,21727,1075277,0.82
2026-07-13T23:33:17.414Z,,,On-Demand,cursor-grok-4.5-high-fast,No,0,762,77952,296,79010,0.04
2026-07-13T23:34:10.611Z,,,On-Demand,cursor-grok-4.5-high-fast,No,0,758,78592,926,80276,0.05
2026-07-13T23:35:02.781Z,,,On-Demand,cursor-grok-4.5-high-fast,No,0,3212,159872,654,163738,0.09
2026-07-13T23:36:18.229Z,,,On-Demand,cursor-grok-4.5-high-fast,No,0,793,82432,329,83554,0.05
2026-07-13T23:36:30.091Z,,,On-Demand,cursor-grok-4.5-high-fast,No,0,1574,251008,538,253120,0.13
2026-07-13T23:37:13.923Z,,,On-Demand,cursor-grok-4.5-high-fast,No,0,573,84608,1048,86229,0.05
2026-07-13T23:40:56.055Z,,,On-Demand,cursor-grok-4.5-high-fast,No,0,56243,736128,17234,809605,0.64
2026-07-13T23:43:36.776Z,,,On-Demand,cursor-grok-4.5-high-fast,No,0,4956,202240,1884,209080,0.13
2026-07-13T23:44:50.892Z,,,On-Demand,cursor-grok-4.5-high-fast,No,0,3050,141312,1301,145663,0.09
2026-07-13T23:46:35.567Z,,,On-Demand,cursor-grok-4.5-high-fast,No,0,1386,73216,995,75597,0.05
2026-07-13T23:47:24.392Z,,,On-Demand,cursor-grok-4.5-high-fast,No,0,1537,74496,559,76592,0.05
2026-07-13T23:48:20.776Z,,,On-Demand,cursor-grok-4.5-high-fast,No,0,13327,492800,5366,511493,0.32
2026-07-13T23:49:23.966Z,,,On-Demand,cursor-grok-4.5-high-fast,No,0,6117,178560,1328,186005,0.11
2026-07-13T23:49:51.890Z,,,On-Demand,cursor-grok-4.5-high-fast,No,0,3804,289664,284,293752,0.15
2026-07-13T23:57:14.140Z,,,On-Demand,cursor-grok-4.5-high-fast,No,0,55731,196736,12676,265143,0.32
2026-07-13T23:57:28.301Z,,,On-Demand,composer-2.5-fast,No,0,79382,891937,9164,980483,0.82
2026-07-13T23:58:44.432Z,,,On-Demand,cursor-grok-4.5-high-fast,No,0,14586,73472,1007,89065,0.07
2026-07-14T00:00:11.282Z,,,On-Demand,cursor-grok-4.5-high-fast,No,0,8081,111232,1266,120579,0.08
2026-07-14T00:02:18.367Z,,,On-Demand,cursor-grok-4.5-high-fast,No,0,16385,347136,2346,365867,0.23
2026-07-14T00:04:06.184Z,,,On-Demand,cursor-grok-4.5-high-fast,No,0,7407,207104,2570,217081,0.14
2026-07-14T00:05:48.705Z,,,On-Demand,cursor-grok-4.5-high-fast,No,0,23126,848768,7999,879893,0.54
2026-07-14T00:08:02.989Z,,,On-Demand,cursor-grok-4.5-high-fast,No,0,576,55680,280,56536,0.03
2026-07-14T00:08:53.701Z,,,On-Demand,cursor-grok-4.5-high-fast,No,0,1868,170368,459,172695,0.09
2026-07-14T00:10:14.687Z,,,On-Demand,cursor-grok-4.5-high-fast,No,0,3101,214272,236,217609,0.12
2026-07-14T00:13:40.608Z,,,On-Demand,cursor-grok-4.5-high-fast,No,0,9634,243840,3429,256903,0.17
2026-07-14T00:16:10.088Z,,,On-Demand,cursor-grok-4.5-high-fast,No,0,13426,356224,6354,376004,0.26
2026-07-14T00:18:30.067Z,,,On-Demand,cursor-grok-4.5-high-fast,No,0,2465,160896,1760,165121,0.10
2026-07-14T00:21:35.618Z,,,On-Demand,cursor-grok-4.5-high-fast,No,0,2196,249856,512,252564,0.13
2026-07-14T00:22:37.108Z,,,On-Demand,cursor-grok-4.5-high-fast,No,0,1236,254976,371,256583,0.13
